Name,Gender,House Number,Address Line 1,State,Country,Category,Date Of Birth
Kerri Adderley ,Female,1,Abbey Court,Florida,United States,Category A,1/15/1978
Nic Roberts ,Female,2,Aberdeen Street,Alabama,United States,Category A,1/16/1978
Emily Aguiar ,Female,3,Adams Street,Alaska,United States,Category A,1/17/1978
mark Alford ,Male,4,Adelphi Street,Arizona,United States,Category A,1/18/1978
brian Allaway ,Male,5,Adler Place,Arkansas,United States,Category A,1/19/1978
Bill Allison ,Male,6,Agate Court,California,United States,Category A,1/20/1978
Jennifer Asbury ,Female,7,Ainslie Street,Colorado,United States,Category A,1/21/1978
Geoffrey Astwood ,Male,8,Aitken Place,Connecticut,United States,Category A,1/22/1978
Colin Bartlett ,Male,9,Alabama Avenue,Delaware,United States,Category A,1/23/1978
Gilbert Bean ,Male,10,Albany Avenue,Georgia,United States,Category A,1/24/1978
Jonathan Benbow ,Male,11,Albee Square,Hawaii,United States,Category A,1/25/1978
Glen Benevides ,Male,12,Albemarle Road,Idaho,United States,Category A,1/26/1978
chris ,Male,13,Albemarle Terrace,Illinois,United States,Category A,1/27/1978
jackie Billings ,Female,14,Alice Court,Indiana,United States,Category A,1/28/1978
Reid Binns ,Male,15,Allen Avenue,Iowa,United States,Category A,1/29/1978
Leonie Blee ,Female,16,Alton Place,Kansas,United States,Category A,1/30/1978
Simon Brewer ,Male,17,Amber Street,Kentucky,United States,Category A,1/31/1978
Archit Britton ,Male,18,Amboy Street,Louisiana,United States,Category A,2/1/1978
Chris Britton,Male,19,Amersfort Place,Maine,United States,Category A,2/2/1978
Niall Brown ,Male,20,Amherst Street,Maryland,United States,Category A,2/3/1978
andrew Browne ,Male,21,Amity Street,Massachusetts,United States,Category A,2/4/1978
GLEN Burgess ,Male,22,Anchorage Place,Michigan,United States,Category A,2/5/1978
Maria Burrows ,Female,23,Anna Court,Minnesota,United States,Category A,2/6/1978
Jon Butler ,Male,24,Anthony Street,Mississippi,United States,Category A,2/7/1978
Joyanne Cardwell ,Female,25,Apollo Street,Missouri,United States,Category A,2/8/1978
Robert Clarke ,Male,26,Applegate Court,Montana,United States,Category A,2/9/1978
Joe Clay ,Male,27,Argyle Road,Nebraska,United States,Category A,2/10/1978
Marco Conyers ,Male,28,Arion Place,Nevada,United States,Category A,2/11/1978
Colleen Cooper ,Female,29,Arkansas Drive,New Hampshire,United States,Category A,2/12/1978
Morton Cooper ,Male,30,Arlington Avenue,New Jersey,United States,Category A,2/13/1978
Alexander Cooper ,Male,31,Arlington Place,New Mexico,United States,Category A,2/14/1978
Carlos White ,Male,32,Ash Street,New York,United States,Category A,2/15/1978
Roy Cooper ,Male,33,Ashford Street,North Carolina,United States,Category A,2/16/1978
Lynda Darrell ,Female,34,Ashland Place,North Dakota,United States,Category A,2/17/1978
Reid Dickens ,Male,35,Aster Court,Ohio,United States,Category A,2/18/1978
Peter Dodds ,Male,36,Atkins Avenue,Oklahoma,United States,Category A,2/19/1978
Frederick Williams,Male,37,Atlantic Avenue,Oregon,United States,Category A,2/20/1978
mickey Emery ,Male,38,Auburn Place,Pennsylvania,United States,Category A,2/21/1978
Richard Evans ,Male,39,Aurelia Court,Rhode Island,United States,Category A,2/22/1978
Niall Fields ,Male,40,Autumn Avenue,South Carolina,United States,Category A,2/23/1978
Robyn Fountain ,Female,41,Avenue A ,South Dakota,United States,Category A,2/24/1978
mickey Fox ,Male,42,Avenue B ,Tennessee,United States,Category A,2/25/1978
Chris Francis ,Male,43,Avenue C ,Texas,United States,Category A,2/26/1978
PAUL Frith ,Male,44,Avenue D ,Utah,United States,Category A,2/27/1978
Philip Furbert ,Male,45,Avenue F ,Vermont,United States,Category A,2/28/1978
Greg Graham ,Male,46,Avenue H ,Virginia,United States,Category A,3/1/1978
Tim Grant ,Male,47,Avenue I ,Washington,United States,Category A,3/2/1978
Chris Gray ,Male,48,Avenue J ,West Virginia,United States,Category A,3/3/1978
Lesley Gray ,Female,49,Avenue K ,Wisconsin,United States,Category A,3/4/1978
s Gray ,Male,50,Avenue L ,Wyoming,United States,Category A,3/5/1978
RICHARD Gray ,Male,51,Avenue M ,Florida,United States,Category A,3/6/1978
Becca Gray ,Female,52,Avenue N ,Alabama,United States,Category A,3/7/1978
Jamie Lee Greene ,Male,53,Avenue O ,Alaska,United States,Category A,3/8/1978
jeremy Hadley ,Male,54,Avenue P ,Arizona,United States,Category A,3/9/1978
SEAMUS Hall ,Male,55,Avenue R ,Arkansas,United States,Category A,3/10/1978
Beth Hall ,Female,56,Avenue S ,California,United States,Category A,3/11/1978
Lisa Harris ,Female,57,Avenue T ,Colorado,United States,Category A,3/12/1978
Dal Harris ,Female,58,Avenue U ,Connecticut,United States,Category A,3/13/1978
Steven Harris ,Male,59,Avenue V ,Delaware,United States,Category A,3/14/1978
Evan Harris ,Male,60,Avenue W ,Florida,United States,Category A,3/15/1978
Lori Harvey ,Female,61,Avenue X ,Alabama,United States,Category A,3/16/1978
jon Hayward ,Male,62,Avenue Y ,Alaska,United States,Category A,3/17/1978
Melissa Hodsoll ,Female,63,Avenue Z ,Arizona,United States,Category A,3/18/1978
sean Hooper ,Male,64,Aviation Road,Arkansas,United States,Category A,3/19/1978
Murray Hornburg ,Male,65,Bainbridge Street,California,United States,Category A,3/20/1978
sean Limited ,Male,66,Balfour Place,Colorado,United States,Category A,3/21/1978
James Jones ,Male,67,Baltic Street,Connecticut,United States,Category A,3/22/1978
Garret Jones ,Male,68,Bancroft Place,Delaware,United States,Category A,3/23/1978
Lori Kelly ,Female,69,Bank Street,Florida,United States,Category A,3/24/1978
Peter Kempe ,Male,70,Banker Street,Alabama,United States,Category A,3/25/1978
Keith Cooke ,Male,71,Banner Avenue,Alaska,United States,Category A,3/26/1978
RICHARD Kitson ,Male,72,Banner 3rd Road,Arizona,United States,Category A,3/27/1978
Claire Lang ,Female,73,Banner 3rd Terrace,Arkansas,United States,Category A,3/28/1978
Mike Leseur ,Male,74,Barbey Street,California,United States,Category A,3/29/1978
mp Lodge ,Female,75,Barlow Drive,Colorado,United States,Category A,3/30/1978
tony Lodge ,Male,76,Bartlett Place,Connecticut,United States,Category A,3/31/1978
Kyle Lodge ,Male,77,Bartlett Street,Delaware,United States,Category A,4/1/1978
Laurie Patrick ,Female,78,Barwell Terrace,Florida,United States,Category A,4/2/1978
J Trollope ,Male,79,Bassett Avenue,Alabama,United States,Category A,4/3/1978
Dimchek Masters ,Male,80,Batchelder Street,Alaska,United States,Category A,4/4/1978
Jason Mcharg ,Male,81,Bath Avenue,Arizona,United States,Category A,4/5/1978
Sarah Mello ,Female,82,Battery Avenue,Arkansas,United States,Category A,4/6/1978
Dimchek Clarke ,Male,83,Baughman Place,California,United States,Category A,4/7/1978
Jennifer Darrell ,Female,84,Bay Parkway,Colorado,United States,Category A,4/8/1978
Rolf Swainson ,Male,85,Bay Street,Connecticut,United States,Category A,4/9/1978
Leah Olivey ,Female,86,Bay Avenue,Delaware,United States,Category A,4/10/1978
"Luc Outerbridge, Jr",Male,87,Bay 10th Street,Nebraska,United States,Category A,4/11/1978
Hooi Lee Paradine ,Female,88,Bay 11th Street,Nevada,United States,Category A,4/12/1978
Lois Paradine,Female,89,Bay 13th Street,New Hampshire,United States,Category A,4/13/1978
Jason Paradine ,Male,90,Bay 14th Street,New Jersey,United States,Category A,4/14/1978
ssss Parker ,Male,91,Bay 16th Street,New Mexico,United States,Category A,4/15/1978
ssss Morrell ,Male,92,Bay 17th Street,New York,United States,Category A,4/16/1978
Fred Powell ,Male,93,Bay 19th Street,North Carolina,United States,Category A,4/17/1978
gina Rewalt ,Female,94,Bay 20th Street,North Dakota,United States,Category A,4/18/1978
Rosemary Rewalt ,Female,95,Bay 22nd Street,Ohio,United States,Category A,4/19/1978
Megan Rice ,Female,96,Bay 23rd Street,Oklahoma,United States,Category A,4/20/1978
Margaret Richards ,Female,97,Bay 25th Street,Oregon,United States,Category A,4/21/1978
Mike Roberts ,Male,98,Bay 26th Street,Pennsylvania,United States,Category A,4/22/1978
Rachael Robinson ,Female,99,Bay 28th Street,Rhode Island,United States,Category A,4/23/1978
Lim Busby ,Male,100,Bay 29th Street,South Carolina,United States,Category A,4/24/1978
Justin Sainsbury ,Male,101,Bay 31st Street,South Dakota,United States,Category A,4/25/1978
Craig Sainsbury ,Male,102,Bay 32nd Street,Tennessee,United States,Category A,4/26/1978
Steven Scott ,Male,103,Bay 34th Street,Texas,United States,Category A,4/27/1978
Mike Scott,Male,104,Bay 35th Street,Utah,United States,Category A,4/28/1978
Odilio Scott ,Male,105,Bay 37th Street,Vermont,United States,Category A,4/29/1978
Maria Shanks ,Female,106,Bay 38th Street,Virginia,United States,Category A,4/30/1978
tester Bolton ,Unknown,107,Bay 40th Street,Washington,United States,Category A,5/1/1978
Wendy Sharpe ,Female,108,Bay 41st Street,West Virginia,United States,Category A,5/2/1978
Sarah Drinkwater ,Female,109,Bay 43rd Street,Wisconsin,United States,Category A,5/3/1978
Molly Siggins ,Female,110,Bay 44th Street,Wyoming,United States,Category A,5/4/1978
Liam Simmons ,Male,111,Bay 46th Street,Florida,United States,Category A,5/5/1978
Anthony Simmons ,Male,112,Bay 47th Street,Alabama,United States,Category A,5/6/1978
Amber Simmons ,Female,113,Bay 48th Street,Alaska,United States,Category A,5/7/1978
Sandra Simmons ,Female,114,Bay 49th Street,Arizona,United States,Category A,5/8/1978
Elizabeth Simmons ,Female,115,Bay 50th Street,Arkansas,United States,Category A,5/9/1978
Jana Bernard ,Female,116,Bay 52nd Street,California,United States,Category A,5/10/1978
Winston Simons ,Male,117,Bay 53rd Street,Colorado,United States,Category A,5/11/1978
Karen Simons ,Female,118,Bay 54th Street,Connecticut,United States,Category A,5/12/1978
Lisa Smith ,Female,119,Bay 7th Street,Delaware,United States,Category A,5/13/1978
Valincia Smith ,Female,120,Bay 8th Street,Florida,United States,Category A,5/14/1978
Tina Smith ,Female,121,Bay Ridge Place,Nebraska,United States,Category A,5/15/1978
Natalie Stewart ,Female,122,Bay Ridge Parkway,Nevada,United States,Category A,5/16/1978
Alexia Osborne ,Female,123,Bay Ridge Avenue,New Hampshire,United States,Category A,5/17/1978
Alex Stewart ,Female,124,Bay View Court,New Jersey,United States,Category A,5/18/1978
Carmalita Stobo ,Female,125,Bayard Street,New Mexico,United States,Category A,5/19/1978
Davina Stovell ,Female,126,Baycliff Terrace,New York,United States,Category A,5/20/1978
Lisa Stovell ,Female,127,Bayview Place,North Carolina,United States,Category A,5/21/1978
Natalie Swan ,Female,128,Bayview Avenue,North Dakota,United States,Category A,5/22/1978
Patrice Sykes ,Female,129,Beach Place,Ohio,United States,Category A,5/23/1978
Rachel Limited ,Female,130,Beach 37th Street,Oklahoma,United States,Category A,5/24/1978
Louise Toohill ,Female,131,Beach 38th Street,Oregon,United States,Category A,5/25/1978
Lorraine Trott ,Female,132,Beach 40th Street,Pennsylvania,United States,Category A,5/26/1978
Maureen Trott ,Female,133,Beach 42nd Street,Rhode Island,United States,Category A,5/27/1978
Kris Trott ,Female,134,Beach 43rd Street,South Carolina,United States,Category A,5/28/1978
Claire Tucker ,Female,135,Beach 44th Street,South Dakota,United States,Category A,5/29/1978
Valerie Ware ,Female,136,Beach 45th Street,Tennessee,United States,Category A,5/30/1978
Mary Lynn Weatherhead ,Female,137,Beach 46th Street,Texas,United States,Category A,5/31/1978
Annabel Webb ,Female,138,Beach 47th Street,Utah,United States,Category A,6/1/1978
Josh White ,Male,139,Beach 48th Street,Vermont,United States,Category A,6/2/1978
manuela Gibbons,Female,140,Beach 49th Street,Virginia,United States,Category A,6/3/1978
Angria Wilkie ,Female,141,Beach 50th Street,Washington,United States,Category A,6/4/1978
Sheryl Williams ,Female,142,Beach 51st Street,West Virginia,United States,Category A,6/5/1978
Alison Woodhouse ,Female,143,Beacon Court,Wisconsin,United States,Category A,6/6/1978
Marjorie Rees ,Female,144,Beadel Street,Wyoming,United States,Category A,6/7/1978
Chung Yin Zuill,Male,145,Beard Street,Florida,United States,Category A,6/8/1978
Maryem Ltd ,Female,146,Beaumont Street,Alabama,United States,Category A,6/9/1978
Janet a/c 730490 ,Female,147,Beaver Street,Alaska,United States,Category A,6/10/1978
Sarah King ,Female,148,Beayer Place,Arizona,United States,Category A,6/11/1978
Darryl Hassell ,Male,149,Bedell Lane,Arkansas,United States,Category A,6/12/1978
Christine Patterson ,Female,150,Bedford Place,California,United States,Category A,6/13/1978
Shawnette Rayner ,Female,151,Bedford Avenue,Colorado,United States,Category A,6/14/1978
Nina Lambert ,Female,152,Beekman Place,Connecticut,United States,Category A,6/15/1978
peter Piper ,Male,153,Belmont Avenue,Delaware,United States,Category A,6/16/1978
Frances Roach ,Female,154,Belvidere Street,Florida,United States,Category A,6/17/1978
Lauren Best ,Female,155,Bennet Court,Alabama,United States,Category A,6/18/1978
Jo Linton ,Female,156,Benson Avenue,Alaska,United States,Category A,6/19/1978
Jane Dean ,Female,157,Bergen Street,Arizona,United States,Category A,6/20/1978
Michelle Gilbert ,Female,158,Bergen Court,Arkansas,United States,Category A,6/21/1978
Victoria Bowen,Female,159,Bergen Place,California,United States,Category A,6/22/1978
Charina Mello ,Female,160,Bergen Avenue,Colorado,United States,Category A,6/23/1978
Janine Brown ,Female,161,Bergen Beach Place,Connecticut,United States,Category A,6/24/1978
Lysa Davis ,Female,162,Berkeley Place,Delaware,United States,Category A,6/25/1978
Louise Wilkinson ,Female,163,Berriman Street,Georgia,United States,Category A,6/26/1978
Rebecca Notman ,Female,164,Berry Street,Hawaii,United States,Category A,6/27/1978
Aline Madeiros ,Female,165,Bethel Loop,Idaho,United States,Category A,6/28/1978
Loretta Watlington ,Female,166,Beverley Road,Illinois,United States,Category A,6/29/1978
Laurieann Jackson ,Female,167,Beverly Road,Indiana,United States,Category A,6/30/1978
Kay Smith ,Female,168,Bevy Court,Iowa,United States,Category A,7/1/1978
Andrea Smith ,Female,169,Bijou Avenue,Alabama,United States,Category A,7/2/1978
A. Lisa Athanasiou,Female,170,Billings Place,Alaska,United States,Category A,7/3/1978
Irmgard Mello ,Female,171,Bills Place,Arizona,United States,Category A,7/4/1978
Marisa Dowling ,Female,172,Blake Court,Arkansas,United States,Category A,7/5/1978
Kelly Wilson ,Female,173,Blake Avenue,California,United States,Category A,7/6/1978
Abigail Brewer ,Female,174,Bleecker Street,Colorado,United States,Category A,7/7/1978
julie Dacosta ,Female,175,Bliss Terrace,Connecticut,United States,Category A,7/8/1978
Lorraine Gutteridge ,Female,176,Boardwalk ,Delaware,United States,Category A,7/9/1978
Jane Taylor ,Female,177,Boerum Place,Georgia,United States,Category A,7/10/1978
Susan Steele ,Female,178,Boerum Street,Hawaii,United States,Category A,7/11/1978
Kim Cartwright ,Female,179,Bogart Street,Idaho,United States,Category A,7/12/1978
claire Cox ,Female,180,Bokee Court,Illinois,United States,Category A,7/13/1978
Dionne Cox ,Female,181,Bond Street,Indiana,United States,Category A,7/14/1978
Moira Cox ,Female,182,inquen Pl,Iowa,United States,Category A,7/15/1978
Waddington Symons ,Female,183,Bouck Court,Alabama,United States,Category A,7/16/1978
Cynthia Pitcher ,Female,184,Boulevard Court,Alaska,United States,Category A,7/17/1978
Carol Nash ,Female,185,Bowery Street,Arizona,United States,Category A,7/18/1978
christina White ,Female,186,Bowne Street,Arkansas,United States,Category A,7/19/1978
Denise Gutteridge ,Female,187,Box Street,California,United States,Category A,7/20/1978
Rosa Maria Gosling ,Female,188,Boynton Place,Colorado,United States,Category A,7/21/1978
Monica Spurling ,Female,189,Bradford Street,Connecticut,United States,Category A,7/22/1978
Katherine Spurling ,Female,190,Bragg Street,Delaware,United States,Category B,7/23/1978
Penny Plan ,Female,191,Bragg Court,Georgia,United States,Category B,7/24/1978
Sherrye Holder ,Female,192,Branton Street,Hawaii,United States,Category B,7/25/1978
Valerie Kempe ,Female,193,Brevoort Place,Idaho,United States,Category B,7/26/1978
Mairi Kendall ,Female,194,Bridge Street,Illinois,United States,Category B,7/27/1978
margaret Kendell ,Female,195,Bridgewater Street,Indiana,United States,Category B,7/28/1978
Oliver Robertson ,Female,196,Brigham Street,Iowa,United States,Category B,7/29/1978
Daphne Pearman ,Female,197,Brighton Court,Connecticut,United States,Category B,7/30/1978
Jacqui King ,Female,198,Brighton Avenue,Delaware,United States,Category B,7/31/1978
Zara Smith ,Female,199,Brighton 10th Path,Georgia,United States,Category B,8/1/1978
Abigail Butt ,Female,200,Brighton 10th Court,Hawaii,United States,Category B,8/2/1978
Michelle Froud ,Female,201,Brighton 10th Lane,Idaho,United States,Category B,8/3/1978
Althea Robertson ,Female,202,Brighton 10th Terrace,Illinois,United States,Category B,8/4/1978
Barbara Sproule ,Female,203,Brighton 10th Street,Indiana,United States,Category B,8/5/1978
Sharon Cooper ,Female,204,Brighton 11th Street,Iowa,United States,Category B,8/6/1978
Maria Moniz ,Female,205,Brighton 12th Street,Alabama,United States,Category B,8/7/1978
Carla Greene ,Female,206,Brighton 13th Street,Alaska,United States,Category B,8/8/1978
Louise Quinn ,Female,207,Brighton 14th Street,Arizona,United States,Category B,8/9/1978
Danielle Limited ,Female,208,Brighton 15th Street,Arkansas,United States,Category B,8/10/1978
Sophie Burns ,Female,209,Brighton 1st Lane,California,United States,Category B,8/11/1978
Colleen Burns ,Female,210,Brighton 1st Place,Colorado,United States,Category B,8/12/1978
Sarah Binns ,Female,211,Brighton 1st Road,Connecticut,United States,Category B,8/13/1978
Arlene Darrell ,Female,212,Brighton 1st Court,Delaware,United States,Category B,8/14/1978
samantha 1101890,Female,213,Brighton 1st Street,Georgia,United States,Category B,8/15/1978
Kristi a/c 1101973 ,Female,214,Brighton 1st Walk,Connecticut,United States,Category B,8/16/1978
Juanita 1101631,Female,215,Brighton 1st Path,Delaware,United States,Category B,8/17/1978
Elaine Campbell ,Female,216,Brighton 1st Terrace,Georgia,United States,Category B,8/18/1978
Susie Hardy ,Female,217,Brighton 2 Path,Hawaii,United States,Category B,8/19/1978
Mary Ingham ,Female,218,Brighton 2nd Lane,Idaho,United States,Category B,8/20/1978
Rhonda Phipps ,Female,219,Brighton 2nd Walk,Illinois,United States,Category B,8/21/1978
Heidi Layton ,Male,220,Brighton 2nd Street,Indiana,United States,Category B,8/22/1978
MaryLeigh School ,Female,221,Brighton 2nd Place,Iowa,United States,Category B,8/23/1978
Oneia Benbow ,Female,222,Brighton 3 Place,Alabama,United States,Category B,8/24/1978
Deanna Gray ,Female,223,Brighton 3rd Court,Alaska,United States,Category B,8/25/1978
Carol Wade for Kion & Shaun ,Female,224,Brighton 3rd Walk,Arizona,United States,Category B,8/26/1978
Marcy James ,Female,225,Brighton 3rd Street,Arkansas,United States,Category B,8/27/1978
Cath Parker ,Female,226,Brighton 3rd Lane,California,United States,Category B,8/28/1978
julia Simmons ,Female,227,Brighton 3rd Road,Colorado,United States,Category B,8/29/1978
Sherline Johnson ,Female,228,Brighton 4 Place,Connecticut,United States,Category B,8/30/1978
Jenn Davis ,Female,229,Brighton 4th Road,Delaware,United States,Category B,8/31/1978
Yolanda 753662,Female,230,Brighton 4th Street,Georgia,United States,Category B,9/1/1978
Nicole Wilkinson ,Female,231,Brighton 4th Lane,Connecticut,United States,Category B,9/2/1978
ALIKEH Bainbridge ,Female,232,Brighton 4th Court,Delaware,United States,Category B,9/3/1978
Nicole Chichon Ryall ,Female,233,Brighton 4th Terrace,Georgia,United States,Category B,9/4/1978
Tracey Garnett ,Female,234,Brighton 4th Walk,Hawaii,United States,Category B,9/5/1978
Melinda Chidwick ,Female,235,Brighton 5th Walk,Idaho,United States,Category B,9/6/1978
V. Bacon ,Female,236,Brighton 5th Lane,Illinois,United States,Category B,9/7/1978
Neela a/c 1202125 ,Female,237,Brighton 5th Street,Indiana,United States,Category B,9/8/1978
Wendy-Sue Readings for G W Kirk Readings,Female,238,Brighton 5th Court,Iowa,United States,Category B,9/9/1978
Anna Smith ,Female,239,Brighton 5th Place,Alabama,United States,Category B,9/10/1978
Susana 721248,Female,240,Brighton 6th Court,Alaska,United States,Category B,9/11/1978
Shella Carruthers ,Female,241,Brighton 6th Street,Arizona,United States,Category B,9/12/1978
Joelle O'Mara for a/c O E M,Female,242,Brighton 7th Court,Arkansas,United States,Category B,9/13/1978
Laila #224 E.C. ,Female,243,Brighton 7th Lane,California,United States,Category B,9/14/1978
V. Moniz ,Female,244,Brighton 7th Walk,Colorado,United States,Category B,9/15/1978
caroline Adderley ,Female,245,Brighton 7th Street,Connecticut,United States,Category B,9/16/1978
Louise Holland ,Female,246,Brighton 8th Court,Delaware,United States,Category B,9/17/1978
"myra Dill,Jr ",Female,247,Brighton 8th Place,Georgia,United States,Category B,9/18/1978
jaquita Furbert ,Female,248,Brighton 8th Lane,Connecticut,United States,Category B,9/19/1978
Judy Martin ,Female,249,Brighton 8th Street,Delaware,United States,Category B,9/20/1978
caroline Furbert ,Female,250,Brighton Beach Avenue,Georgia,United States,Category B,9/21/1978
Chernell Gibbons ,Female,251,Brightwater Court,Hawaii,United States,Category B,9/22/1978
Marla Gibbons ,Female,252,Brightwater Avenue,Idaho,United States,Category B,9/23/1978
Sherri Smith ,Female,253,Bristol Street,Illinois,United States,Category B,9/24/1978
Nancy Lumsden ,Female,254,Broadway ,Indiana,United States,Category B,9/25/1978
Shazieh Pimental ,Female,255,Brooklyn Road,Iowa,United States,Category B,9/26/1978
Laura Robinson ,Female,256,Brooklyn Avenue,Alabama,United States,Category B,9/27/1978
Dolores Liddell ,Female,257,Broome Street,Alaska,United States,Category B,9/28/1978
Natalie Owen ,Female,258,Brown Street,Arizona,United States,Category B,9/29/1978
Felicity Butterfield ,Female,259,Bryant Street,Arkansas,United States,Category B,9/30/1978
Sarah Frith ,Female,260,Buffalo Avenue,California,United States,Category B,10/1/1978
Lela Loescher ,Female,261,Bulwer Place,Colorado,United States,Category B,10/2/1978
Carolyn Reis ,Female,262,Burnett Street,Connecticut,United States,Category B,10/3/1978
Jeana 1148928,Female,263,Bush Street,Delaware,United States,Category B,10/4/1978
taha Lovell ,Male,264,Bushwick Avenue,Georgia,United States,Category B,10/5/1978
Karen Burgee ,Female,265,Bushwick Place,Connecticut,United States,Category B,10/6/1978
Laura 218160,Female,266,Bushwick Court,Delaware,United States,Category B,10/7/1978
carol Tuzo ,Female,267,Butler Place,Georgia,United States,Category B,10/8/1978
Lizzie Simmons ,Female,268,Butler Street,Hawaii,United States,Category B,10/9/1978
Erin Zuill ,Female,269,Cadman Plaza,Idaho,United States,Category B,10/10/1978
Donna Clinton ,Female,270,Calder Place,Illinois,United States,Category B,10/11/1978
Wendy Mello ,Female,271,Calyer Street,Indiana,United States,Category B,10/12/1978
Dorea Lohan ,Female,272,Cambridge Place,Iowa,United States,Category B,10/13/1978
troy Services Limited,Male,273,Cameron Court,Alabama,United States,Category B,10/14/1978
Amber Cairney ,Female,274,Campus Place,Alaska,United States,Category B,10/15/1978
Roger Warren ,Male,275,Campus Road,Arizona,United States,Category B,10/16/1978
Wendy Cordon ,Female,276,Canal Avenue,Arkansas,United States,Category B,10/17/1978
Christine Black Family Trust,Female,277,Canarsie Road,California,United States,Category B,10/18/1978
Hans Cooper ,Male,278,Canda Avenue,Colorado,United States,Category B,10/19/1978
Raquel Fowle ,Female,279,Canton Court,Connecticut,United States,Category B,10/20/1978
Martin Pugh ,Male,280,Carlton Avenue,Delaware,United States,Category B,10/21/1978
Kendal Bell ,Female,281,Carroll Street,Georgia,United States,Category B,10/22/1978
Patricia Todd ,Female,282,Cass Place,Florida,United States,Category B,10/23/1978
Russell White ,Male,1,Catherine Street,Alabama,United States,Category B,10/24/1978
Kerry Black ,Female,2,Caton Place,Alaska,United States,Category B,10/25/1978
jennifer Purser ,Female,3,Caton Avenue,Arizona,United States,Category B,10/26/1978
Andy Keyes ,Male,4,Cedar Street,Arkansas,United States,Category B,10/27/1978
Grant Hamill III,Male,5,Celeste Court,California,United States,Category B,10/28/1978
ian Hutchings ,Male,6,Center Market Street,Colorado,United States,Category B,10/29/1978
Mary Rothwell ,Female,7,Central Avenue,Connecticut,United States,Category B,10/30/1978
Dan Vance ,Male,8,Centre Street,Delaware,United States,Category B,10/31/1978
Mark Ltd ,Male,9,Channel Avenue,Georgia,United States,Category B,11/1/1978
Wanda Ltd ,Female,10,Chapel Street,Hawaii,United States,Category B,11/2/1978
Matthew Darrell ,Male,11,Charles Place,Idaho,United States,Category B,11/3/1978
Mary Lucas ,Female,12,Chase Court,Illinois,United States,Category B,11/4/1978
natalie Swan ,Female,13,Chauncey Street,Indiana,United States,Category B,11/5/1978
Sheena Swan ,Female,14,Cheever Place,Iowa,United States,Category B,11/6/1978
Ben Burchall ,Male,15,Cherry Street,Kansas,United States,Category B,11/7/1978
Saadat Gosling ,Male,16,Chester Court,Kentucky,United States,Category B,11/8/1978
Charmayne Fitch ,Female,17,Chester Avenue,Louisiana,United States,Category B,11/9/1978
Dejon Tate ,Male,18,Chester Street,Maine,United States,Category B,11/10/1978
Mollie Limited M#81260,Female,19,Chestnut Avenue,Maryland,United States,Category B,11/11/1978
Lesley-Jane Stephens ,Female,20,Chestnut Street,Massachusetts,United States,Category B,11/12/1978
Ajene Rothwell ,Female,21,Christopher Avenue,Michigan,United States,Category B,11/13/1978
Peter Neilson ,Male,22,Church Lane,Minnesota,United States,Category B,11/14/1978
Dena Alleyne,Female,23,Church Avenue,Mississippi,United States,Category B,11/15/1978
Sarah Tannock ,Female,24,Clara Street,Missouri,United States,Category B,11/16/1978
Alexandra Robinson ,Female,25,Clarendon Road,Montana,United States,Category B,11/17/1978
Jeannette DeSilva,Female,26,Clark Street,Nebraska,United States,Category B,11/18/1978
michael DeSilva,Male,27,Clarkson Avenue,Nevada,United States,Category B,11/19/1978
Meghan DeSilva,Female,28,Classon Avenue,New Hampshire,United States,Category B,11/20/1978
Rebecca Limited ,Female,29,Claver Place,New Jersey,United States,Category B,11/21/1978
Terry Limited ,Female,30,Clay Street,New Mexico,United States,Category B,11/22/1978
Vanessa Dutranoit ,Female,31,Clermont Avenue,New York,United States,Category B,11/23/1978
Edmina Simmons ,Female,32,Cleveland Street,North Carolina,United States,Category B,11/24/1978
Becky Outerbridge,Female,33,Clifford Place,North Dakota,United States,Category B,11/25/1978
Ciara Montarsolo ,Female,34,Clifton Place,Ohio,United States,Category B,11/26/1978
Gavin Blaney ,Male,35,Clinton Avenue,Oklahoma,United States,Category B,11/27/1978
Francesca Leighton ,Female,36,Clinton Street,Oregon,United States,Category B,11/28/1978
Helen Robinson ,Female,37,Clove Road,Pennsylvania,United States,Category B,11/29/1978
Kyle Haycock ,Male,38,Clymer Street,Rhode Island,United States,Category B,11/30/1978
Senga Readings ,Female,39,Cobek Court,South Carolina,United States,Category B,12/1/1978
Samantha Readings for Jennifer A Readings,Female,40,Coffey Street,South Dakota,United States,Category B,12/2/1978
Ellen Aitken ,Female,41,Colby Court,Tennessee,United States,Category B,12/3/1978
Yvonne Lumsden ,Female,42,Coleman Street,Texas,United States,Category B,12/4/1978
Grace Ltd ,Female,43,Coleridge Street,Utah,United States,Category B,12/5/1978
Pamela Geaney ,Female,44,Coles Street,Vermont,United States,Category B,12/6/1978
Lucy 1300885,Female,45,Colin Place,Virginia,United States,Category B,12/7/1978
Lucinda Cooper ,Female,46,College Place,Washington,United States,Category B,12/8/1978
Tamsyn Archer ,Female,47,Colonial Court,West Virginia,United States,Category B,12/9/1978
Simon Irwin ,Male,48,Colonial Road,Wisconsin,United States,Category B,12/10/1978
Donnamae Osborne ,Female,49,Colonial Gdns ,Wyoming,United States,Category B,12/11/1978
Beverly Osborne ,Female,50,Columbia Street,Florida,United States,Category B,12/12/1978
Emily Purser ,Female,51,Columbia Place,Alabama,United States,Category B,12/13/1978
Lois Smith ,Female,52,Columbia Heights ,Alaska,United States,Category B,12/14/1978
Marcia Limited ,Female,53,Columbus Place,Arizona,United States,Category B,12/15/1978
Dede Johnson ,Female,54,Commerce Street,Arkansas,United States,Category B,12/16/1978
Nicole Johnson ,Female,55,Commercial Street,California,United States,Category B,12/17/1978
Tim Nisbett ,Male,56,Concord Street,Colorado,United States,Category B,12/18/1978
Christine Johnson ,Male,57,Conduit Boulevard,Connecticut,United States,Category B,12/19/1978
April Nisbett ,Female,58,Coney Island Avenue,Delaware,United States,Category B,12/20/1978
Liz Nisbett ,Female,59,Congress Street,Florida,United States,Category B,12/21/1978
Sharon Swan ,Female,60,Conklin Avenue,Alabama,United States,Category B,12/22/1978
Nick Ltd ,Male,61,Conover Street,Alaska,United States,Category B,12/23/1978
Patricia Place ,Female,62,Conselyea Street,Arizona,United States,Category B,12/24/1978
Kirstie Keill ,Female,63,Conway Street,Arkansas,United States,Category B,12/25/1978
Lisa Dill ,Female,64,Cook Street,California,United States,Category B,12/26/1978
rachel Stevens ,Female,65,Cooke Court,Colorado,United States,Category B,12/27/1978
lorenzo Semos ,Male,66,Cooper Street,Connecticut,United States,Category B,12/28/1978
stephen a/c 1290075 ,Male,67,Corbin Place,Delaware,United States,Category B,12/29/1978
Nadia Glynn ,Female,68,Cornelia Street,Florida,United States,Category B,12/30/1978
Rashida Steinhoff ,Female,69,Cortelyou Road,Alabama,United States,Category B,12/31/1978
Valerie Swan ,Female,70,Court Square,Alaska,United States,Category B,1/1/1979
Tara Smith ,Female,71,Court Street,Arizona,United States,Category B,1/2/1979
Matthew Johnston ,Male,72,Cove Lane,Arkansas,United States,Category B,1/3/1979
Tamika Bauer ,Female,73,Coventry Road,California,United States,Category B,1/4/1979
laura Paradine,Female,74,Covert Street,Colorado,United States,Category B,1/5/1979
Jack Masters ,Male,75,Cox Place,Connecticut,United States,Category B,1/6/1979
Caroline Burville ,Female,76,Coyle Street,Delaware,United States,Category B,1/7/1979
barker Benjamin ,Male,77,Cozine Avenue,Florida,United States,Category B,1/8/1979
Chantal Phillips,Female,78,Cranberry Street,Alabama,United States,Category B,1/9/1979
Jonathan Trott ,Male,79,Crawford Avenue,Alaska,United States,Category B,1/10/1979
Peggy Nanton ,Female,80,Creamer Street,Arizona,United States,Category B,1/11/1979
Emily Hart ,Female,81,Crescent Street,Arkansas,United States,Category B,1/12/1979
terrence Mawer ,Male,82,Crooke Avenue,California,United States,Category B,1/13/1979
Elizabeth Chapman ,Female,83,Cropsey Avenue,Colorado,United States,Category B,1/14/1979
Andrew Outerbridge ,Male,84,Crosby Avenue,Connecticut,United States,Category B,1/15/1979
shirmelle Outerbridge ,Female,85,Croton Loop,Delaware,United States,Category B,1/16/1979
Jean Anne Bundy ,Female,86,Crown Street,Nebraska,United States,Category B,1/17/1979
Stuart Baysden ,Male,87,Crystal Street,Nevada,United States,Category B,1/18/1979
Tonia Kemm ,Female,88,Cumberland Walk,New Hampshire,United States,Category B,1/19/1979
zane Outerbridge ,Male,89,Cumberland Street,New Jersey,United States,Category B,1/20/1979
joanne Smith ,Female,90,Cypress Avenue,New Mexico,United States,Category B,1/21/1979
Edwina Stecko ,Female,91,Cypress Court,New York,United States,Category B,1/22/1979
Simone Northrup ,Female,92,Cyrus Avenue,North Carolina,United States,Category B,1/23/1979
Julia O'Brien II,Female,2,Dahill Road,North Dakota,United States,Category B,1/24/1979
leah Powell ,Female,3,Dahl Court,Ohio,United States,Category B,1/25/1979
stanley Perry ,Male,4,Dahlgreen Place,Oklahoma,United States,Category B,1/26/1979
Fran Pimm ,Female,5,Dakota Place,Oregon,United States,Category B,1/27/1979
Alison Gutteridge ,Female,6,Danforth Street,Pennsylvania,United States,Category B,1/28/1979
Kim Mannus ,Female,7,Dank Court,Rhode Island,United States,Category B,1/29/1979
Margaret Davidson ,Female,8,Dare Court,South Carolina,United States,Category B,1/30/1979
Molly Pugh,Female,9,De Sales Place,South Dakota,United States,Category B,1/31/1979
Deann Harris ,Female,10,Dean Street,Tennessee,United States,Category B,2/1/1979
Marsha 1312026,Female,11,Dearborn Court,Texas,United States,Category B,2/2/1979
Dominick Cook ,Male,12,Debevoise Street,Utah,United States,Category B,2/3/1979
Susan Turnbull ,Female,13,Debevoise Avenue,Vermont,United States,Category B,2/4/1979
Ceblle Jenkins ,Female,14,Decatur Street,Virginia,United States,Category B,2/5/1979
Ruth Davies ,Female,15,Degraw Street,Washington,United States,Category B,2/6/1979
Gauri Northcott ,Female,16,Dekalb Avenue,West Virginia,United States,Category B,2/7/1979
Danielle Cox ,Female,17,Dekoven Court,Wisconsin,United States,Category B,2/8/1979
Steve Simons ,Male,18,Delevan Street,Wyoming,United States,Category B,2/9/1979
Hugh Crockwell ,Male,19,Delmonico Place,Florida,United States,Category B,2/10/1979
Caldre' Tucker ,Male,20,Dennett Place,Alabama,United States,Category B,2/11/1979
Alikeh Jones ,Female,21,Denton Place,Alaska,United States,Category B,2/12/1979
Robert Outerbridge ,Male,22,Desmond Court,Arizona,United States,Category B,2/13/1979
Alison Jones ,Female,23,Devoe Street,Arkansas,United States,Category B,2/14/1979
Eric Jones ,Male,24,Devon Avenue,California,United States,Category B,2/15/1979
Neil Jones ,Male,25,Dewey Place,Colorado,United States,Category B,2/16/1979
James Addams ,Male,26,Dewitt Avenue,Connecticut,United States,Category B,2/17/1979
Rosa Atwood ,Female,27,Diamond Street,Delaware,United States,Category B,2/18/1979
Rosa Powell ,Female,28,Dictum Court,Florida,United States,Category B,2/19/1979
Julie Wollmann ,Female,29,Dikeman Street,Nebraska,United States,Category B,2/20/1979
Sarah Vesely ,Female,30,Dinsmore Place,Nevada,United States,Category B,2/21/1979
Elrita Ringer ,Female,31,Ditmars Street,New Hampshire,United States,Category B,2/22/1979
Ardette Pimental,Female,32,Ditmas Avenue,New Jersey,United States,Category B,2/23/1979
Jamal Pimental,Male,33,Division Place,New Mexico,United States,Category B,2/24/1979
Joe Limited ,Male,34,Division Avenue,New York,United States,Category B,2/25/1979
Peter Ltd ,Male,35,Dobbin Street,North Carolina,United States,Category B,2/26/1979
Emma 1313280,Female,36,Dodworth Street,North Dakota,United States,Category B,2/27/1979
Elizabeth Howard ,Female,37,Dooley Street,Ohio,United States,Category B,2/28/1979
Giovanna Vidale ,Female,38,Doone Court,Oklahoma,United States,Category B,3/1/1979
Pete Gady ,Male,39,Dorchester Road,Oregon,United States,Category B,3/2/1979
Emily Edwards,Female,40,Dorset Street,Pennsylvania,United States,Category B,3/3/1979
Kathleen Loacker ,Female,41,Doscher Street,Rhode Island,United States,Category B,3/4/1979
MARTIN Raynor ,Male,42,Doughty Street,South Carolina,United States,Category B,3/5/1979
Ros Weller ,Female,43,Douglass Street,South Dakota,United States,Category B,3/6/1979
Helen McKirdy ,Female,44,Dover Street,Tennessee,United States,Category B,3/7/1979
Paul Jones ,Male,45,Downing Street,Texas,United States,Category C,3/8/1979
Alan Evans ,Male,46,Drew Street,Utah,United States,Category C,3/9/1979
Barry Simmons ,Male,47,Driggs Avenue,Vermont,United States,Category C,3/10/1979
Christina Hinds ,Female,48,Duffield Street,Virginia,United States,Category C,3/11/1979
Jacqueline Benjamin ,Female,49,Dumont Avenue,Washington,United States,Category C,3/12/1979
Michael Minugh ,Male,50,Dunham Place,West Virginia,United States,Category C,3/13/1979
Desirae Burchall-Cann ,Female,51,Dunne Court,Wisconsin,United States,Category C,3/14/1979
Peter Butler ,Male,52,Dunne Place,Wyoming,United States,Category C,3/15/1979
Zoe Pimental ,Female,53,Dupont Street,Florida,United States,Category C,3/16/1979
Kerry Gleeson ,Female,80,Durland Place,Alabama,United States,Category C,3/17/1979
matthew Limited ,Male,81,Duryea Place,Alaska,United States,Category C,3/18/1979
Arlene Marie Ford ,Female,82,Duryea Court,Arizona,United States,Category C,3/19/1979
steve Ratteray-Mills ,Male,83,Dwight Street,Arkansas,United States,Category C,3/20/1979
PADRAIC Place ,Male,84,Eagle Street,California,United States,Category C,3/21/1979
Moira Place ,Female,85,Eastern Parkway,Colorado,United States,Category C,3/22/1979
Colleen Littlejohn,Female,86,Eaton Court,Connecticut,United States,Category C,3/23/1979
Grant Franklin ,Male,87,Ebony Court,Delaware,United States,Category C,3/24/1979
andrew Trust ,Male,88,Eckford Street,Florida,United States,Category C,3/25/1979
clyde Bonnell ,Male,89,Eldert Lane,Alabama,United States,Category C,3/26/1979
Rob Trott ,Male,90,Eldert Street,Alaska,United States,Category C,3/27/1979
Jason Outerbridge ,Male,91,Elizabeth Place,Arizona,United States,Category C,3/28/1979
Julie Limited ,Female,92,Ellery Street,Arkansas,United States,Category C,3/29/1979
David Coelho ,Male,2,Elliott Walk,California,United States,Category C,3/30/1979
Hayley Cook ,Female,3,Elliott Place,Colorado,United States,Category C,3/31/1979
Gary Bascombe ,Male,4,Elm Avenue,Connecticut,United States,Category C,4/1/1979
Jason King ,Male,5,Elm Place,Delaware,United States,Category C,4/2/1979
Guy Hamill ,Male,6,Elmwood Avenue,Georgia,United States,Category C,4/3/1979
Laura Harris ,Female,7,Elton Street,Hawaii,United States,Category C,4/4/1979
Jesse Pugh ,Male,8,Emerald Street,Idaho,United States,Category C,4/5/1979
Khamari Burgess-Fairn ,Male,9,Emerson Place,Illinois,United States,Category C,4/6/1979
Roderick Forbes ,Male,10,Emmons Avenue,Indiana,United States,Category C,4/7/1979
Jenene Forbes ,Female,11,Empire Boulevard,Iowa,United States,Category C,4/8/1979
Gabriele King ,Male,12,Engert Avenue,Alabama,United States,Category C,4/9/1979
Leigh-Ann Barritt ,Female,13,Erasmus Street,Alaska,United States,Category C,4/10/1979
Shelly Asbury ,Female,14,Erskine Loop,Arizona,United States,Category C,4/11/1979
David Cann ,Male,15,Essex Street,Arkansas,United States,Category C,4/12/1979
Dirk Conyers ,Male,80,Estate Road,California,United States,Category C,4/13/1979
Wendy Wright ,Female,81,Etna Street,Colorado,United States,Category C,4/14/1979
Courtland Dale ,Male,82,Euclid Avenue,Connecticut,United States,Category C,4/15/1979
Everton Place ,Male,83,Evans Street,Delaware,United States,Category C,4/16/1979
andrew Wight ,Male,84,Everett Avenue,Georgia,United States,Category C,4/17/1979
Stephon Montgomery-Moore ,Male,85,Evergreen Avenue,Hawaii,United States,Category C,4/18/1979
dorita Simons,Female,86,Everit Street,Idaho,United States,Category C,4/19/1979
Andresa Simons,Female,87,Exeter Street,Illinois,United States,Category C,4/20/1979
Gaynell Jones ,Female,88,Fair Street,Indiana,United States,Category C,4/21/1979
Derika Chapmon ,Female,89,Fairview Place,Iowa,United States,Category C,4/22/1979
Nafeesah Hinson ,Female,90,Falmouth Street,Alabama,United States,Category C,4/23/1979
Nicole Chaplin ,Female,91,Fanchon Place,Alaska,United States,Category C,4/24/1979
Nathanael Harris ,Male,92,Fane Court,Arizona,United States,Category C,4/25/1979
Tiara Trust ,Female,2,Farragut Place,Arkansas,United States,Category C,4/26/1979
Chris Desilva ,Male,3,Farragut Road,California,United States,Category C,4/27/1979
Dawn Rothwell ,Female,4,Fay Court,Colorado,United States,Category C,4/28/1979
Melissa Ringer ,Female,5,Fayette Street,Connecticut,United States,Category C,4/29/1979
rw Rosado ,Male,6,Fenimore Street,Delaware,United States,Category C,4/30/1979
Derek Robinson-Asaan ,Male,7,Ferris Street,Georgia,United States,Category C,5/1/1979
Antoinette Candec-Ingham Trust ,Female,8,Ferry Place,Hawaii,United States,Category C,5/2/1979
Roma ,Female,9,Fillmore Place,Idaho,United States,Category C,5/3/1979
Alan Davidson ,Male,10,Fillmore Avenue,Illinois,United States,Category C,5/4/1979
Stephan Munro,Male,11,Fiske Place,Indiana,United States,Category C,5/5/1979
Steve Daven,Male,12,Flatbush Avenue,Iowa,United States,Category C,5/6/1979
Collette Limited ,Female,13,Flatlands Avenue,Connecticut,United States,Category C,5/7/1979
Kris 50096,Male,14,Flatlands 10th Street,Delaware,United States,Category C,5/8/1979
Christina Smith ,Female,15,Flatlands 1st Street,Georgia,United States,Category C,5/9/1979
Danny Limited ,Male,80,Flatlands 2nd Street,Hawaii,United States,Category C,5/10/1979
Margaret Sharp ,Female,81,Flatlands 3rd Street,Idaho,United States,Category C,5/11/1979
Kevin Davidson ,Male,82,Flatlands 4th Street,Illinois,United States,Category C,5/12/1979
Keith Ltd ,Male,83,Flatlands 5th Street,Indiana,United States,Category C,5/13/1979
Diego Mewdell ,Male,84,Flatlands 6th Street,Iowa,United States,Category C,5/14/1979
Valerie Outerbridge ,Female,85,Flatlands 7th Street,Alabama,United States,Category C,5/15/1979
MaryLeigh Wheatley ,Female,86,Flatlands 8th Street,Alaska,United States,Category C,5/16/1979
thomas Tannock ,Male,87,Flatlands 9th Street,Arizona,United States,Category C,5/17/1979
james Limited ,Male,88,Fleet Place,Arkansas,United States,Category C,5/18/1979
Milan Douglas ,Male,89,Fleet Street,California,United States,Category C,5/19/1979
Lindley Harrison ,Female,90,Fleet Walk,Colorado,United States,Category C,5/20/1979
lin Smith ,Male,91,Florence Avenue,Connecticut,United States,Category C,5/21/1979
David Raynor ,Male,92,Floyd Bennett Field ,Delaware,United States,Category C,5/22/1979
Niall Smith ,Male,2,Flushing Avenue,Georgia,United States,Category C,5/23/1979
Sarah Smith ,Female,3,Folsom Place,Connecticut,United States,Category C,5/24/1979
Ian Conyers-Steede ,Male,4,Forbell Street,Delaware,United States,Category C,5/25/1979
Meredith Astwood,Female,5,Force Tube Avenue,Georgia,United States,Category C,5/26/1979
Jennifer Cabral ,Female,6,Ford Street,Hawaii,United States,Category C,5/27/1979
Racqual Clubs ,Female,7,Forest Place,Idaho,United States,Category C,5/28/1979
Carrie Jeffrey ,Female,8,Forrest Street,Illinois,United States,Category C,5/29/1979
Ntokozo Parker ,Male,9,Fort Greene Place,Indiana,United States,Category C,5/30/1979
nicole DeSilva ,Male,10,Fort Hamilton Parkway,Iowa,United States,Category C,5/31/1979
Joyce Lounsbury ,Female,11,Fort Hill Place,Alabama,United States,Category C,6/1/1979
Stewart Doe ,Male,12,Foster Avenue,Alaska,United States,Category C,6/2/1979
Daniel Butler ,Male,13,Fountain Avenue,Arizona,United States,Category C,6/3/1979
Kerry Bolton,Female,14,Frank Court,Arkansas,United States,Category C,6/4/1979
Jason Daswani ,Male,15,Franklin Street,California,United States,Category C,6/5/1979
Paul Davidson ,Male,80,Franklin Avenue,Colorado,United States,Category C,6/6/1979
Catherine Ltd ,Female,81,Freeman Street,Connecticut,United States,Category C,6/7/1979
Nina Thompson ,Female,82,Friel Place,Delaware,United States,Category C,6/8/1979
Julie Stobo ,Female,83,Front Street,Georgia,United States,Category C,6/9/1979
Greta Fetigan ,Female,84,Frost Street,Connecticut,United States,Category C,6/10/1979
Kyle Club ,Male,85,Fuller Place,Delaware,United States,Category C,6/11/1979
chelsea Belvin ,Female,86,Fulton Street,Georgia,United States,Category C,6/12/1979
Dermot Limited ,Male,87,Furman Street,Hawaii,United States,Category C,6/13/1979
Mark Hendrickson ,Male,88,Furman Avenue,Idaho,United States,Category C,6/14/1979
SHELAGH Franklin,Female,89,Gain Court,Illinois,United States,Category C,6/15/1979
Rachellin 585785,Female,90,Gallatin Place,Indiana,United States,Category C,6/16/1979
Susan Sousa ,Female,91,Garden Street,Iowa,United States,Category C,6/17/1979
sue Mammen,Female,92,Garden Place,Alabama,United States,Category C,6/18/1979
Rachellin Hinds ,Female,2,Gardner Avenue,Alaska,United States,Category C,6/19/1979
Lisa Trust ,Female,3,Garfield Place,Arizona,United States,Category C,6/20/1979
Matt Sharp ,Male,4,Garland Court,Arkansas,United States,Category C,6/21/1979
Marie-France Limited ,Female,5,Garnet Street,California,United States,Category C,6/22/1979
Patricia Mcclendon ,Female,6,Gates Avenue,Colorado,United States,Category C,6/23/1979
Rebecca Goodfellow ,Female,7,Gatling Place,Connecticut,United States,Category C,6/24/1979
Jenny Mulder ,Female,8,Gaylord Drive,Delaware,United States,Category C,6/25/1979
Susan Stephens ,Female,9,Gelston Avenue,Georgia,United States,Category C,6/26/1979
Patricia Maitland Trust ,Female,10,Gem Street,Connecticut,United States,Category C,6/27/1979
Diana Co ,Female,11,General Lee Avenue,Delaware,United States,Category C,6/28/1979
Ivy Williams ,Female,12,George Street,Georgia,United States,Category C,6/29/1979
Sarah 1319871,Female,13,Georgia Avenue,Hawaii,United States,Category C,6/30/1979
Diana Gutteridge ,Female,14,Gerald Court,Idaho,United States,Category C,7/1/1979
Loretta Cross ,Female,15,Gerritsen Avenue,Illinois,United States,Category C,7/2/1979
Carolyn Rodrigues ,Female,80,Gerry Street,Indiana,United States,Category C,7/3/1979
Sharon Limited ,Female,81,Gilmore Court,Iowa,United States,Category C,7/4/1979
Dulcie Limited ,Female,82,Girard Street,Alabama,United States,Category C,7/5/1979
Laurieann Chiappa ,Female,83,Glen Street,Alaska,United States,Category C,7/6/1979
Louise Gutteridge ,Female,84,Glendale Court,Arizona,United States,Category C,7/7/1979
Catherine Gorrie ,Female,85,Glenmore Avenue,Arkansas,United States,Category C,7/8/1979
Grainne Fong ,Female,86,Glenwood Road,California,United States,Category C,7/9/1979
Beverley Swan-Simons ,Female,87,Gold Street,Colorado,United States,Category C,7/10/1979
Richard Warner ,Male,88,Goodwin Place,Connecticut,United States,Category C,7/11/1979
Katie Brock ,Female,89,Gotham Avenue,Delaware,United States,Category C,7/12/1979
Joy Ltd,Female,90,Grace Court,Georgia,United States,Category C,7/13/1979
Vivienne a/c 585784 ,Female,91,Grace Court Alley,Connecticut,United States,Category C,7/14/1979
Gary Trust ,Male,92,Grafton Street,Delaware,United States,Category C,7/15/1979
Jason Limited ,Male,2,Graham Avenue,Georgia,United States,Category C,7/16/1979
Olivier Limited ,Male,3,Grand Street,Hawaii,United States,Category C,7/17/1979
Joann Blackwood,Female,4,Grand Avenue,Idaho,United States,Category C,7/18/1979
Jay Hamshere ,Male,5,Grand Parents Avenue,Illinois,United States,Category C,7/19/1979
Julian 1324697,Male,6,Granite Street,Indiana,United States,Category C,7/20/1979
Olievia Ltd ,Female,7,Grant Avenue,Iowa,United States,Category C,7/21/1979
Lennette Thomas ,Female,8,Grattan Street,Alabama,United States,Category C,7/22/1979
Paul Gordon ,Male,9,Gravesend Neck Road,Alaska,United States,Category C,7/23/1979
Sahil Gibbons ,Male,10,Green Street,Arizona,United States,Category C,7/24/1979
Dan Woolridge ,Male,11,Greene Avenue,Arkansas,United States,Category C,7/25/1979
Lesley Smith ,Female,12,Greenpoint Avenue,California,United States,Category C,7/26/1979
Jennifer Bennett ,Female,13,Greenwood Avenue,Colorado,United States,Category C,7/27/1979
Peter Leseur ,Male,14,Grimes Road,Connecticut,United States,Category C,7/28/1979
Ben a/c 730989 ,Male,15,Grove Place,Delaware,United States,Category C,7/29/1979
Alton Kay ,Male,80,Grove Street,Georgia,United States,Category C,7/30/1979
Kristen Minors ,Female,81,Guernsey Street,Florida,United States,Category C,7/31/1979
Dorothy Mcharg ,Female,82,Guider Avenue,Alabama,United States,Category C,8/1/1979
Iona Pereira ,Female,83,Gunnison Court,Alaska,United States,Category C,8/2/1979
Sonia Hamill ,Female,84,Gunther Place,Arizona,United States,Category C,8/3/1979
Nicola Limited ,Female,85,Hale Avenue,Arkansas,United States,Category C,8/4/1979
NIall Burke ,Male,86,Hall Street,California,United States,Category C,8/5/1979
Jonathan Bean ,Male,87,Halleck Street,Colorado,United States,Category C,8/6/1979
Mark Young ,Male,88,Halsey Street,Connecticut,United States,Category C,8/7/1979
James Heyliger,Male,89,Hamilton Avenue,Delaware,United States,Category C,8/8/1979
Corinne Association,Female,90,Hamilton Walk,Georgia,United States,Category C,8/9/1979
Taryn ,Female,91,Hamilton Manor ,Hawaii,United States,Category C,8/10/1979
Dorothea Hughes ,Male,92,Hampton Avenue,Idaho,United States,Category C,8/11/1979
Nicolas Company ,Male,2,Hampton Place,Illinois,United States,Category C,8/12/1979
Robert Perinchief ,Male,3,Hancock Street,Indiana,United States,Category C,8/13/1979
Suzi Buckley ,Female,4,Hanover Place,Iowa,United States,Category C,8/14/1979
Lisa Limited ,Female,5,Hanson Place,Kansas,United States,Category C,8/15/1979
Lucy Ltd ,Female,6,Harbor Court,Kentucky,United States,Category C,8/16/1979
Collette Fagundo ,Female,7,Harbor Lane,Louisiana,United States,Category C,8/17/1979
Martin Outerbridge ,Male,8,Harbor View Terrace,Maine,United States,Category C,8/18/1979
Ramesh Powell ,Male,9,Harden Street,Maryland,United States,Category C,8/19/1979
Kirsten Haycock ,Female,10,Haring Street,Massachusetts,United States,Category C,8/20/1979
Janet a/c 1101639 ,Female,11,Harkness Avenue,Michigan,United States,Category B,8/21/1979
Kirstie a/c 728925 ,Female,12,Harman Street,Minnesota,United States,Category B,8/22/1979
Margie Griffith ,Female,13,Harrison Place,Mississippi,United States,Category B,8/23/1979
Leanne Mayor ,Female,14,Harrison Avenue,Missouri,United States,Category B,8/24/1979
Rebecca Siggins ,Female,15,Hart Street,Montana,United States,Category B,8/25/1979
Karen Fagundo,Female,80,Hart Place,Nebraska,United States,Category B,8/26/1979
Collin Fagundo,Male,81,Harway Avenue,Nevada,United States,Category B,8/27/1979
Mia a/c W R Stobo ,Female,82,Harwood Place,New Hampshire,United States,Category B,8/28/1979
Amber Somner ,Female,83,Hastings Street,New Jersey,United States,Category B,8/29/1979
Anne Botelho ,Female,84,Hausman Street,New Mexico,United States,Category B,8/30/1979
Giorgio Robinson ,Male,85,Havemeyer Street,New York,United States,Category B,8/31/1979
Dante Brewin ,Male,86,Havens Place,North Carolina,United States,Category B,9/1/1979
Devin Slaughter ,Female,87,Hawthorne Street,North Dakota,United States,Category B,9/2/1979
sonja Keill ,Female,88,Hazel Court,Ohio,United States,Category B,9/3/1979
judy Limited ,Female,89,Heath Place,Oklahoma,United States,Category B,9/4/1979
Simon Simmons ,Male,90,Hegeman Avenue,Oregon,United States,Category B,9/5/1979
Gavin 33H-10851 ,Male,91,Hemlock Street,Pennsylvania,United States,Category B,9/6/1979
Dianne Sumpter ,Female,92,Henderson Walk,Rhode Island,United States,Category B,9/7/1979
sal Hayward ,Male,2,Hendrickson Place,South Carolina,United States,Category B,9/8/1979
Steven Young ,Male,3,Hendrickson Street,South Dakota,United States,Category B,9/9/1979
Julie Swan ,Female,4,Hendrix Street,Tennessee,United States,Category B,9/10/1979
Gavin Harris ,Male,5,Henry Street,Texas,United States,Category B,9/11/1979
Fabian Brangman,Male,6,Herbert Street,Utah,United States,Category B,9/12/1979
Ana Butterfield,Female,7,Herkimer Place,Vermont,United States,Category B,9/13/1979
Barbara Gordon ,Female,8,Herkimer Court,Virginia,United States,Category B,9/14/1979
Lynn Kast ,Female,9,Herkimer Street,Washington,United States,Category B,9/15/1979
Julian Smith ,Male,10,Herzl Street,West Virginia,United States,Category B,9/16/1979
Peter Carr ,Male,11,Hewes Street,Wisconsin,United States,Category B,9/17/1979
Dwayne 990930,Male,12,Heyward Street,Wyoming,United States,Category B,9/18/1979
Elrita Carr ,Female,13,Hicks Street,Florida,United States,Category B,9/19/1979
Maureen Carr ,Female,14,High Street,Alabama,United States,Category B,9/20/1979
Kim Young,Female,15,Highland Avenue,Alaska,United States,Category B,9/21/1979
Ian Cooper,Male,80,Highland Place,Arizona,United States,Category B,9/22/1979
Angelo Harris,Male,81,Highland Boulevard,Arkansas,United States,Category B,9/23/1979
Anne Brewer,Female,82,Highland View Avenue,California,United States,Category B,9/24/1979
Niamah Edney,Female,83,Highlawn Avenue,Colorado,United States,Category B,9/25/1979
Stacey 1300887,Female,84,Hill Street,Connecticut,United States,Category B,9/26/1979
Roxanne Barker ,Female,85,Hillel Place,Delaware,United States,Category B,9/27/1979
hannah Sainsbury ,Female,86,Himrod Street,Florida,United States,Category B,9/28/1979
Leticia Sousa ,Female,87,Hinckley Place,Alabama,United States,Category B,9/29/1979
Kristin Sandra Powers Trust,Female,88,Hinsdale Street,Alaska,United States,Category B,9/30/1979
Darlene Kelley ,Female,89,Holly Street,Arizona,United States,Category B,10/1/1979
Caroline Young ,Female,90,Holmes Lane,Arkansas,United States,Category B,10/2/1979
Jamell Rego ,Female,91,Holt Court,California,United States,Category B,10/3/1979
Robin Paxton Lang ,Male,92,Homecrest Avenue,Colorado,United States,Category B,10/4/1979
Michelle Lang ,Female,2,Homecrest Court,Connecticut,United States,Category B,10/5/1979
Johann Bell Family Settlement,Male,3,Hooper Street,Delaware,United States,Category B,10/6/1979
Mike Dunstan ,Male,4,Hope Street,Florida,United States,Category B,10/7/1979
Tika Brown ,Female,5,Hopkins Street,Alabama,United States,Category B,10/8/1979
cheryl Ltd ,Female,6,Horace Court,Alaska,United States,Category B,10/9/1979
Mike Ltd.,Male,7,Hornell Loop,Arizona,United States,Category B,10/10/1979
Tristan Limited ,Female,8,Howard Avenue,Arkansas,United States,Category B,10/11/1979
chris Stubbs ,Male,9,Howard Place,California,United States,Category B,10/12/1979
Neil Pickering ,Male,10,Howard Alley,Colorado,United States,Category B,10/13/1979
Bruce Bolton,Male,11,Hoyt Street,Connecticut,United States,Category B,10/14/1979
Ellen Sharpe ,Female,12,Hoyts Lane,Delaware,United States,Category B,10/15/1979
Donna Sharpe ,Female,13,Hubbard Place,Florida,United States,Category B,10/16/1979
Jackie Ltd ,Female,14,Hubbard Street,Alabama,United States,Category B,10/17/1979
Paul Robin ,Male,15,Hudson Avenue,Alaska,United States,Category B,10/18/1979
Melinda Davidson ,Female,80,Hull Street,Arizona,United States,Category B,10/19/1979
Bob Club ,Male,81,Humboldt Street,Arkansas,United States,Category B,10/20/1979
Darcey Owen ,Male,82,Hunterfly Place,California,United States,Category B,10/21/1979
Olivia Boyer ,Female,83,Huntington Street,Colorado,United States,Category B,10/22/1979
Nicola Rose ,Female,84,Hunts Lane,Connecticut,United States,Category B,10/23/1979
Terry Courtney ,Male,85,Huron Street,Delaware,United States,Category B,10/24/1979
Kim Rodrigues ,Female,86,Hutchinson Court,Nebraska,United States,Category B,10/25/1979
Kim Robinson ,Female,87,Hyman Court,Nevada,United States,Category B,10/26/1979
Dawn Collier ,Female,88,I-278 ,New Hampshire,United States,Category B,10/27/1979
Paul Ball,Male,89,Ide Court,New Jersey,United States,Category B,10/28/1979
Laurie Outerbridge ,Female,90,Imlay Street,New Mexico,United States,Category B,10/29/1979
Adam Saunders-Fox ,Male,91,Independence Avenue,New York,United States,Category B,10/30/1979
Elise DeSilva ,Female,92,India Street,North Carolina,United States,Category B,10/31/1979
Arthur Limited 1318077 ,Male,2,Indiana Place,North Dakota,United States,Category B,11/1/1979
Susan Harriott,Female,3,Ingraham Street,Ohio,United States,Category B,11/2/1979
Anita Homewood Trust,Female,4,Interborough Parkway,Oklahoma,United States,Category B,11/3/1979
Wesley Morris III,Male,5,Ira Court,Oregon,United States,Category B,11/4/1979
Robbie Madeiros ,Male,6,Irving Place,Pennsylvania,United States,Category B,11/5/1979
sydney Hannant ,Male,7,Irving Avenue,Rhode Island,United States,Category B,11/6/1979
jesse Society ,Male,8,Irving Street,South Carolina,United States,Category B,11/7/1979
gareth Edwards ,Male,9,Irvington Place,South Dakota,United States,Category B,11/8/1979
Tadhg Edwards ,Male,10,Irwin Street,Tennessee,United States,Category B,11/9/1979
David Edwards ,Male,11,Ivan Court,Texas,United States,Category B,11/10/1979
Richard Edwards ,Male,12,Jackson Street,Utah,United States,Category B,11/11/1979
Sydney Singh ,Female,13,Jackson Court,Vermont,United States,Category B,11/12/1979
Sebastian Lawrence ,Male,14,Jackson Place,Virginia,United States,Category B,11/13/1979
Liz Johnson ,Female,15,Jaffray Street,Washington,United States,Category B,11/14/1979
Deanna  Bean ,Female,80,Jamaica Avenue,West Virginia,United States,Category B,11/15/1979
Elise Bean ,Female,81,Jamison Lane,Wisconsin,United States,Category B,11/16/1979
ashley Herre ,Female,82,Jardine Place,Wyoming,United States,Category B,11/17/1979
Melissa Gierlinger ,Female,83,Java Street,Florida,United States,Category B,11/18/1979
Brandon Brookes,Male,84,Jay Street,Alabama,United States,Category B,11/19/1979
paul Simmons ,Male,85,Jefferson Street,Alaska,United States,Category B,11/20/1979
rick Jackson ,Male,86,Jefferson Avenue,Arizona,United States,Category B,11/21/1979
Tab Hardy ,Male,87,Jerome Street,Arkansas,United States,Category B,11/22/1979
Melissa Edwards ,Female,88,Jerome Avenue,California,United States,Category B,11/23/1979
Karen Forbes,Female,89,Jewel Street,Colorado,United States,Category B,11/24/1979
Alois Hall ,Male,90,Jodie Court,Connecticut,United States,Category B,11/25/1979
Joachim Pimentel ,Male,91,John Street,Delaware,United States,Category B,11/26/1979
mark Trust ,Male,92,Johnson Avenue,Florida,United States,Category B,11/27/1979
Lora Robinson ,Female,2,Johnson Street,Nebraska,United States,Category B,11/28/1979
Christopher Lodge ,Male,3,Joralemon Street,Nevada,United States,Category B,11/29/1979
Stirling Outerbridge ,Male,4,Joval Court,New Hampshire,United States,Category B,11/30/1979
Layton Limited ,Male,5,Judge Street,New Jersey,United States,Category B,12/1/1979
Jazmin Madeiros ,Female,6,Juliana Place,New Mexico,United States,Category B,12/2/1979
Isabel Limited 1322457 ,Female,7,Junius Street,New York,United States,Category B,12/3/1979
Stephen Hart ,Male,8,Just Court,North Carolina,United States,Category B,12/4/1979
Mike Sewell ,Male,9,Kane Place,North Dakota,United States,Category B,12/5/1979
Sharon Matthews ,Female,10,Kane Street,Ohio,United States,Category B,12/6/1979
Paul Psaltis ,Male,11,Kansas Place,Oklahoma,United States,Category B,12/7/1979
lee Simons ,Male,12,Karweg Place,Oregon,United States,Category B,12/8/1979
Spencer Simons ,Male,13,Kathleen Court,Pennsylvania,United States,Category B,12/9/1979
Joan Young Jr,Female,14,Kaufman Place,Rhode Island,United States,Category B,12/10/1979
Michele Young ,Female,15,Kay Court,South Carolina,United States,Category B,12/11/1979
Graeme Young ,Male,80,Keap Street,South Dakota,United States,Category B,12/12/1979
Lynden Smith ,Female,81,Keen Court,Tennessee,United States,Category B,12/13/1979
CEBLLE Co ,Female,82,Kenilworth Place,Texas,United States,Category B,12/14/1979
Herman Woolridge ,Male,83,Kenmore Court,Utah,United States,Category B,12/15/1979
Nelia Leverock ,Female,84,Kenmore Terrace,Vermont,United States,Category B,12/16/1979
peter Ragione ,Male,85,Kensington Street,Virginia,United States,Category B,12/17/1979
Sean Estate Of Charles Austin Smith,Male,86,Kensington Walk,Washington,United States,Category B,12/18/1979
Shamere Limited ,Male,87,Kent Avenue,West Virginia,United States,Category B,12/19/1979
Lisha Coffey - Joint Tenancy,Female,88,Kent Street,Wisconsin,United States,Category B,12/20/1979
Ben Bacon,Male,89,Kermit Place,Wyoming,United States,Category B,12/21/1979
Nafeesah Bacon,Female,90,Kiely Place,Florida,United States,Category B,12/22/1979
Donna Bacon,Female,91,Kimball Street,Alabama,United States,Category B,12/23/1979
Francesca Bacon,Female,92,King Street,Alaska,United States,Category B,12/24/1979
Fokko Trott,Male,2,Kings Hwy,Arizona,United States,Category B,12/25/1979
lance Farkas ,Male,3,Kings Place,Arkansas,United States,Category B,12/26/1979
lance Pitt ,Male,4,Kingsborough 1st Walk,California,United States,Category B,12/27/1979
Kate Ltd ,Female,5,Kingsborough 2nd Walk,Colorado,United States,Category B,12/28/1979
Keith Forbes ,Male,6,Kingsborough 3rd Walk,Connecticut,United States,Category B,12/29/1979
Kate a/c 995150 ,Female,7,Kingsborough 4th Walk,Delaware,United States,Category B,12/30/1979
Yvonne Associates ,Female,8,Kingsborough 6th Walk,Florida,United States,Category B,12/31/1979
Roman Fund ,Male,9,Kingsborough 7th Walk,Alabama,United States,Category B,1/1/1980
Stephen Private LLC,Male,10,Kingsland Avenue,Alaska,United States,Category B,1/2/1980
Rosa Holdings ,Female,11,Kingston Avenue,Arizona,United States,Category B,1/3/1980
paul Stout ,Male,12,Kingsway Place,Arkansas,United States,Category B,1/4/1980
diegos Fisher ,Male,13,Knapp Street,California,United States,Category C,1/5/1980
alejandro Fisher ,Male,14,Knickerbocker Avenue,Colorado,United States,Category C,1/6/1980
cymak Fisher ,Male,15,Knight Court,Connecticut,United States,Category C,1/7/1980
Gonzalo Lampit ,Male,1,Kosciusko Street,Delaware,United States,Category C,1/8/1980
Candace Summers ,Female,80,Kossuth Place,Georgia,United States,Category C,1/9/1980
Alexandra Harris,Female,81,Krier Place,Hawaii,United States,Category C,1/10/1980
Ralph Douglas ,Male,82,Emmons Avenue,Idaho,United States,Category C,1/11/1980
Da-Von Chobot ,Male,83,Empire Boulevard,Illinois,United States,Category C,1/12/1980
"Sean Bermuda Press (Holdings) Limited, Pension Plan ",Male,84,Engert Avenue,Indiana,United States,Category C,1/13/1980
Kimiko C W Kempe Trust,Female,85,Erasmus Street,Iowa,United States,Category C,1/14/1980
Jonas Nominees Ltd (Bermudian) ,Male,86,Erskine Loop,Alabama,United States,Category C,1/15/1980
Aaliyah  MPP Trust,Female,87,Essex Street,Alaska,United States,Category C,1/16/1980
Andrew Fox ,Male,88,Estate Road,Arizona,United States,Category C,1/17/1980
Judith Semos ,Female,89,Etna Street,Arkansas,United States,Category C,1/18/1980
Edward Johnson,Male,90,Euclid Avenue,California,United States,Category C,1/19/1980
Kevin Trott ,Male,91,Evans Street,Colorado,United States,Category C,1/20/1980
Rebecca Fox Jr ,Female,92,Everett Avenue,Connecticut,United States,Category C,1/21/1980
Allan MacDonald ,Male,2,Evergreen Avenue,Delaware,United States,Category C,1/22/1980
Jeanette Limited ,Female,3,Everit Street,Georgia,United States,Category B,1/23/1980
Helen 1337683,Female,4,Exeter Street,Hawaii,United States,Category B,1/24/1980
Michele 1100071,Female,5,Fair Street,Idaho,United States,Category B,1/25/1980
Jennifer Stewart,Female,6,Fairview Place,Illinois,United States,Category B,1/26/1980
Andrew  Adebiyi ,Male,7,Falmouth Street,Indiana,United States,Category B,1/27/1980
Susie Armstrong ,Female,8,Fanchon Place,Iowa,United States,Category B,1/28/1980
Bonnie Armstrong ,Female,9,Fane Court,Alabama,United States,Category B,1/29/1980
Wayne Reaves ,Male,10,Farragut Place,Alaska,United States,Category B,1/30/1980
Elizabeth Rodrigues ,Female,11,Farragut Road,Arizona,United States,Category B,1/31/1980
Thomas Williams ,Male,12,Fay Court,Arkansas,United States,Category B,2/1/1980
Jayne Eve ,Female,13,Fayette Street,California,United States,Category B,2/2/1980
Alison  Smith ,Female,14,Fenimore Street,Colorado,United States,Category B,2/3/1980
Bobby Swan ,Male,15,Ferris Street,Connecticut,United States,Category B,2/4/1980
Angela Jones,Female,4,Ferry Place,Delaware,United States,Category B,2/5/1980
Abigail Ming ,Female,5,Fillmore Place,Georgia,United States,Category B,2/6/1980
Shara MacPhee ,Female,6,Fillmore Avenue,Hawaii,United States,Category C,2/7/1980
Christopher Stewart ,Male,7,Fiske Place,Idaho,United States,Category C,2/8/1980
Simon 217254,Male,8,Flatbush Avenue,Illinois,United States,Category C,2/9/1980
Joanne Sainsbury Scholarship ,Female,9,Flatlands Avenue,Indiana,United States,Category C,2/10/1980
tandi Todd,Female,10,Flatlands 10th Street,Iowa,United States,Category C,2/11/1980
James Limited ,Male,11,Flatlands 1st Street,Connecticut,United States,Category C,2/12/1980
Karen Ltd ,Female,12,Flatlands 2nd Street,Delaware,United States,Category C,2/13/1980
Sandy Smith ,Female,13,Flatlands 3rd Street,Georgia,United States,Category C,2/14/1980
Stacy Jarmun Trust,Female,14,Flatlands 4th Street,Hawaii,United States,Category C,2/15/1980
Sinead The Dibber Trust,Female,15,Flatlands 5th Street,Idaho,United States,Category C,2/16/1980
carl Blaney ,Male,80,Flatlands 6th Street,Illinois,United States,Category C,2/17/1980
Crystal a/c 62471 ,Female,81,Flatlands 7th Street,Indiana,United States,Category C,2/18/1980
Robin Faulkenberry ,Female,82,Flatlands 8th Street,Iowa,United States,Category C,2/19/1980
Emma Smith ,Female,83,Flatlands 9th Street,Alabama,United States,Category C,2/20/1980
"Graham Butterfield, Jr ",Male,84,Fleet Place,Alaska,United States,Category C,2/21/1980
Laura Lewis - Joint Tenancy,Female,85,Fleet Street,Arizona,United States,Category C,2/22/1980
Victory  Limited,Male,86,Fleet Walk,Arkansas,United States,Category C,2/23/1980
Rachel Pedro ,Female,87,Florence Avenue,California,United States,Category C,2/24/1980
David Blanchette ,Male,88,Floyd Bennett Field ,Colorado,United States,Category B,2/25/1980
Wayne Smith ,Male,89,Flushing Avenue,Connecticut,United States,Category B,2/26/1980
Lorissa Viney ,Female,90,Folsom Place,Delaware,United States,Category B,2/27/1980
Cavin Furbert ,Male,91,Forbell Street,Georgia,United States,Category B,2/28/1980
Malcolm Campbell,Male,92,Force Tube Avenue,Connecticut,United States,Category B,2/29/1980
Shawn 727511,Male,2,Ford Street,Delaware,United States,Category B,3/1/1980
Rachael Trust ,Female,3,Forest Place,Georgia,United States,Category B,3/2/1980
Tamika Investments Ltd,Female,4,Forrest Street,Hawaii,United States,Category B,3/3/1980
Louise Smith ,Female,5,Fort Greene Place,Idaho,United States,Category B,3/4/1980
Joseph Baylay ,Male,6,Fort Hamilton Parkway,Illinois,United States,Category B,3/5/1980
Christina Gordon ,Female,7,Fort Hill Place,Indiana,United States,Category B,3/6/1980
Jill Ltd ,Female,8,Foster Avenue,Iowa,United States,Category B,3/7/1980
Karen James,Female,9,Fountain Avenue,Alabama,United States,Category B,3/8/1980
Sam Limited ,Male,10,Frank Court,Alaska,United States,Category B,3/9/1980
Lilo Hawkins ,Male,11,Franklin Street,Arizona,United States,Category B,3/10/1980
D'Arcey Estate of Elizabeth James Trust,Female,12,Franklin Avenue,Arkansas,United States,Category C,3/11/1980
suzanne Baillie,Female,13,Freeman Street,California,United States,Category C,3/12/1980
Leanora Johnson,Female,14,Friel Place,Colorado,United States,Category C,3/13/1980
Scott Johnson,Male,15,Front Street,Connecticut,United States,Category C,3/14/1980
James Fields ,Male,1,Frost Street,Delaware,United States,Category C,3/15/1980
Janet  Wilkie ,Female,80,Fuller Place,Georgia,United States,Category C,3/16/1980
Terlina 902658,Female,81,Fulton Street,Connecticut,United States,Category C,3/17/1980
Claude 902659,Male,82,Furman Street,Delaware,United States,Category C,3/18/1980
scott Ltd. ,Male,83,Furman Avenue,Georgia,United States,Category C,3/19/1980
Richard Limited ,Male,84,Gain Court,Hawaii,United States,Category C,3/20/1980
victoria Herre,Female,85,Gallatin Place,Idaho,United States,Category C,3/21/1980
Ellen 1333106,Female,86,Garden Street,Illinois,United States,Category C,3/22/1980
Sarah Crisson ,Female,87,Garden Place,Indiana,United States,Category C,3/23/1980
Peter Wifg Savings Fund-Terry Jpitcher,Male,88,Gardner Avenue,Iowa,United States,Category C,3/24/1980
Elizabeth Peterkin Jr ,Female,89,Garfield Place,Alabama,United States,Category C,3/25/1980
Wenda  Robinson ,Female,90,Garland Court,Alaska,United States,Category C,3/26/1980
Marisa 1341800,Female,91,Garnet Street,Arizona,United States,Category C,3/27/1980
Aidan a/c 1101892 ,Male,92,Gates Avenue,Arkansas,United States,Category C,3/28/1980
Celina Jones ,Female,2,Gatling Place,California,United States,Category B,3/29/1980
Quinton Eugene Allen ,Male,3,Gaylord Drive,Colorado,United States,Category B,3/30/1980
lorna Whayman ,Female,4,Gelston Avenue,Connecticut,United States,Category B,3/31/1980
Anne Ming-Tuzo ,Female,5,Gem Street,Delaware,United States,Category B,4/1/1980
Evan R. S.  Ltd. ,Male,6,General Lee Avenue,Georgia,United States,Category B,4/2/1980
Miguel Schroter ,Male,7,George Street,Connecticut,United States,Category B,4/3/1980
Donna Meyers Argus Management Team,Female,8,Georgia Avenue,Delaware,United States,Category B,4/4/1980
Sarah Pimental ,Female,9,Gerald Court,Georgia,United States,Category B,4/5/1980
Victoria Cook ,Female,10,Gerritsen Avenue,Hawaii,United States,Category B,4/6/1980
Sarah A.H.G. ,Female,11,Gerry Street,Idaho,United States,Category B,4/7/1980
Miranda Ltd ,Female,12,Gilmore Court,Illinois,United States,Category B,4/8/1980
Flo Webb ,Female,13,Girard Street,Indiana,United States,Category B,4/9/1980
belinda Gibbons ,Female,14,Glen Street,Iowa,United States,Category B,4/10/1980
Karlene House  Account ,Female,15,Glendale Court,Alabama,United States,Category B,4/11/1980
Angela Ltd ,Female,55,Glenmore Avenue,Alaska,United States,Category B,4/12/1980
Susan Selvin ,Female,4,Glenwood Road,Arizona,United States,Category A,4/13/1980
Lori Ming ,Female,5,Gold Street,Arkansas,United States,Category A,4/14/1980
Amanda Young ,Female,6,Goodwin Place,California,United States,Category A,4/15/1980
YVONNE Bridges ,Female,7,Gotham Avenue,Colorado,United States,Category A,4/16/1980
Donald Daisley ,Male,8,Grace Court,Connecticut,United States,Category A,4/17/1980
Candace  McKirdy Joint Tenants,Female,9,Grace Court Alley,Delaware,United States,Category A,4/18/1980
Lizzie Simmons ,Female,10,Grafton Street,Georgia,United States,Category A,4/19/1980
L. Shinah Lohan ,Male,11,Graham Avenue,Connecticut,United States,Category A,4/20/1980
lori Lohan ,Female,12,Grand Street,Delaware,United States,Category A,4/21/1980
Antoine a/c 687420 ,Male,13,Grand Avenue,Georgia,United States,Category A,4/22/1980
Leila Ltd ,Female,14,Grand Parents Avenue,Hawaii,United States,Category A,4/23/1980
Louis Pearson ,Male,15,Granite Street,Idaho,United States,Category A,4/24/1980
Florence Ltd ,Female,80,Grant Avenue,Illinois,United States,Category A,4/25/1980
Christopher  Mane Road Trust,Male,81,Grattan Street,Indiana,United States,Category A,4/26/1980
Ashley Limited ,Female,82,Gravesend Neck Road,Iowa,United States,Category A,4/27/1980
Lauren 1342806,Female,83,Green Street,Alabama,United States,Category A,4/28/1980
Daniella Butler ,Female,84,Greene Avenue,Alaska,United States,Category A,4/29/1980
Tina Brangman ,Female,85,Greenpoint Avenue,Arizona,United States,Category A,4/30/1980
Amy Roberts ,Female,86,Greenwood Avenue,Arkansas,United States,Category A,5/1/1980
Joe Benjamin ,Male,87,Grimes Road,California,United States,Category A,5/2/1980
Ian Manders ,Male,88,Grove Place,Colorado,United States,Category A,5/3/1980
Lovette Outerbridge ,Female,89,Grove Street,Connecticut,United States,Category A,5/4/1980
Zina Jagne ,Female,90,Guernsey Street,Delaware,United States,Category A,5/5/1980
Tina Rewan ,Female,91,Guider Avenue,Georgia,United States,Category A,5/6/1980
Keeva Jones ,Female,92,Gunnison Court,Florida,United States,Category A,5/7/1980
Michael 1338272,Male,2,Gunther Place,Alabama,United States,Category A,5/8/1980
Valerei Dane ,Female,3,Hale Avenue,Alaska,United States,Category A,5/9/1980
Lynne Carey ,Female,4,Hall Street,Arizona,United States,Category A,5/10/1980
Cindy Clinton ,Female,5,Halleck Street,Arkansas,United States,Category A,5/11/1980
Anna Clinton ,Female,6,Halsey Street,California,United States,Category A,5/12/1980
Louise Clinton ,Female,7,Hamilton Avenue,Colorado,United States,Category A,5/13/1980
Lisa Clinton-Marsh ,Female,8,Hamilton Walk,Connecticut,United States,Category A,5/14/1980
Angela G D W,Female,9,Hamilton Manor ,Delaware,United States,Category A,5/15/1980
Ian Dorothy Buckley Settlemen,Male,10,Hampton Avenue,Georgia,United States,Category A,5/16/1980
Michael A.C. 33h-11375 ,Male,11,Hampton Place,Hawaii,United States,Category A,5/17/1980
Tony Ltd ,Male,12,Hancock Street,Idaho,United States,Category A,5/18/1980
Camilla 1334030,Female,13,Hanover Place,Illinois,United States,Category A,5/19/1980
Dage Todd ,Male,14,Hanson Place,Indiana,United States,Category A,5/20/1980
Christine Hart ,Female,15,Harbor Court,Iowa,United States,Category A,5/21/1980
Brita Charles ,Female,1,Harbor Lane,Kansas,United States,Category A,5/22/1980
Clinton Steynor ,Male,80,Harbor View Terrace,Kentucky,United States,Category A,5/23/1980
Denzel Carswell ,Male,81,Harden Street,Louisiana,United States,Category A,5/24/1980
Angie Somerville ,Female,82,Haring Street,Maine,United States,Category A,5/25/1980
Frank Drew,Male,83,Harkness Avenue,Maryland,United States,Category A,5/26/1980
Tyrone McMartin ,Male,84,Harman Street,Massachusetts,United States,Category A,5/27/1980
Henry Chelvam ,Male,85,Harrison Place,Michigan,United States,Category A,5/28/1980
Anna Sousa ,Female,86,Harrison Avenue,Minnesota,United States,Category A,5/29/1980
Junior DeSilva ,Male,87,Hart Street,Mississippi,United States,Category A,5/30/1980
Mark G5-41517 ,Male,88,Hart Place,Missouri,United States,Category A,5/31/1980
Julia Limited ,Female,89,Harway Avenue,Montana,United States,Category A,6/1/1980
Patsy  1345678,Female,90,Harwood Place,Nebraska,United States,Category A,6/2/1980
Jane Young ,Female,91,Hastings Street,Nevada,United States,Category A,6/3/1980
Michelle Williams ,Female,92,Hausman Street,New Hampshire,United States,Category A,6/4/1980
Peter  Limited ,Male,2,Havemeyer Street,New Jersey,United States,Category A,6/5/1980
"daniel Trustees - M E H Outerbridge, GA Madeiros & TZ Marshall",Male,3,Havens Place,New Mexico,United States,Category A,6/6/1980
Stephen Viera ,Male,4,Hawthorne Street,New York,United States,Category A,6/7/1980
Spencer Curtis ,Male,5,Hazel Court,North Carolina,United States,Category A,6/8/1980
Shona Brewin ,Female,6,Heath Place,North Dakota,United States,Category A,6/9/1980
Rochelle Sickling ,Female,7,Hegeman Avenue,Ohio,United States,Category A,6/10/1980
Michelle Lightbourn ,Female,8,Hemlock Street,Oklahoma,United States,Category A,6/11/1980
Hilary G C,Female,9,Henderson Walk,Oregon,United States,Category A,6/12/1980
Kirstie Augustus ,Female,10,Hendrickson Place,Pennsylvania,United States,Category A,6/13/1980
Tara N P W,Female,11,Hendrickson Street,Rhode Island,United States,Category A,6/14/1980
Lynesha Dolan ,Female,12,Hendrix Street,South Carolina,United States,Category A,6/15/1980
Mark Iris ,Male,13,Henry Street,South Dakota,United States,Category A,6/16/1980
Jaymie 903073,Female,14,Herbert Street,Tennessee,United States,Category A,6/17/1980
Colleen Panchaud ,Female,15,Herkimer Place,Texas,United States,Category A,6/18/1980
Christopher  Conyers ,Male,8,Herkimer Court,Utah,United States,Category A,6/19/1980
frances Limited ,Female,9,Herkimer Street,Vermont,United States,Category A,6/20/1980
Katie 3025,Female,10,Herzl Street,Virginia,United States,Category A,6/21/1980
Selena 85613028,Female,11,Hewes Street,Washington,United States,Category A,6/22/1980
J'auna Carr ,Female,12,Heyward Street,West Virginia,United States,Category A,6/23/1980
Davina Blee ,Female,13,Hicks Street,Wisconsin,United States,Category A,6/24/1980
Priya Sims ,Female,14,High Street,Wyoming,United States,Category A,6/25/1980
RobLee 1338221,Male,15,Highland Avenue,Florida,United States,Category A,6/26/1980
Bob Vaughan ,Male,55,Highland Place,Alabama,United States,Category A,6/27/1980
nancy Stewart ,Female,4,Highland Boulevard,Alaska,United States,Category A,6/28/1980
ARIFAH Stewart ,Female,5,Highland View Avenue,Arizona,United States,Category A,6/29/1980
Cheryl Aitken ,Female,6,Highlawn Avenue,Arkansas,United States,Category A,6/30/1980
Tara Trust ,Male,7,Hill Street,California,United States,Category A,7/1/1980
Chris Frith ,Male,8,Hillel Place,Colorado,United States,Category A,7/2/1980
KOMLAH Laing ,Female,9,Himrod Street,Connecticut,United States,Category A,7/3/1980
Iris Whale ,Female,10,Hinckley Place,Delaware,United States,Category A,7/4/1980
Steve Frith ,Male,11,Hinsdale Street,Florida,United States,Category A,7/5/1980
Rosemary  Frith ,Female,12,Holly Street,Alabama,United States,Category A,7/6/1980
Susie Frith Jr ,Female,13,Holmes Lane,Alaska,United States,Category A,7/7/1980
amanda Frith,Female,14,Holt Court,Arizona,United States,Category A,7/8/1980
Peter Frith,Male,15,Homecrest Avenue,Arkansas,United States,Category A,7/9/1980
nancy Frith,Female,80,Homecrest Court,California,United States,Category A,7/10/1980
nancy Trott - Fund J ,Female,81,Hooper Street,Colorado,United States,Category A,7/11/1980
Johann Packwood ,Male,82,Hope Street,Connecticut,United States,Category A,7/12/1980
Christopher Morris ,Male,83,Hopkins Street,Delaware,United States,Category A,7/13/1980
Catherine Lp ,Female,84,Horace Court,Florida,United States,Category A,7/14/1980
John DeSilva ,Male,85,Hornell Loop,Alabama,United States,Category A,7/15/1980
Joel Athanasiou ,Male,86,Howard Avenue,Alaska,United States,Category A,7/16/1980
India Johnson ,Female,87,Howard Place,Arizona,United States,Category A,7/17/1980
Amy Weeks ,Female,88,Howard Alley,Arkansas,United States,Category A,7/18/1980
Trevor Francoeur ,Male,89,Hoyt Street,California,United States,Category A,7/19/1980
Jamal Francoeur ,Male,90,Hoyts Lane,Colorado,United States,Category A,7/20/1980
Kandis Wedderburn ,Female,91,Hubbard Place,Connecticut,United States,Category A,7/21/1980
Alice Jones ,Female,92,Hubbard Street,Delaware,United States,Category A,7/22/1980
Charmaine Lewis ,Female,2,Hudson Avenue,Florida,United States,Category A,7/23/1980
Robin Richardson ,Female,3,Hull Street,Alabama,United States,Category A,7/24/1980
Christine Mason ,Female,4,Humboldt Street,Alaska,United States,Category A,7/25/1980
luzianne Merritt ,Female,5,Hunterfly Place,Arizona,United States,Category A,7/26/1980
Lori Waldron ,Female,6,Huntington Street,Arkansas,United States,Category A,7/27/1980
Melvina Foundation ,Female,7,Hunts Lane,California,United States,Category A,7/28/1980
Claire 1347344,Female,8,Huron Street,Colorado,United States,Category A,7/29/1980
Joanne Kast ,Female,9,Hutchinson Court,Connecticut,United States,Category A,7/30/1980
Sherri 2982,Female,10,Hyman Court,Delaware,United States,Category A,7/31/1980
Janette 1347441,Female,11,I-278 ,Nebraska,United States,Category A,8/1/1980
Keita-Roy Shillingford ,Female,12,Ide Court,Nevada,United States,Category A,8/2/1980
Rachel Brown ,Female,13,Imlay Street,New Hampshire,United States,Category A,8/3/1980
Mark Pereira,Male,14,Independence Avenue,New Jersey,United States,Category A,8/4/1980
Michelle Cardwell ,Female,15,India Street,New Mexico,United States,Category A,8/5/1980
Isabelle Creaser ,Female,1,Indiana Place,New York,United States,Category A,8/6/1980
Simon Cardwell ,Male,80,Ingraham Street,North Carolina,United States,Category A,8/7/1980
Pamela Simmons ,Female,81,Interborough Parkway,North Dakota,United States,Category A,8/8/1980
Laurie Whayman ,Female,82,Ira Court,Ohio,United States,Category A,8/9/1980
rebecca Rwc ,Female,83,Irving Place,Oklahoma,United States,Category A,8/10/1980
Kerry Smith,Female,84,Irving Avenue,Oregon,United States,Category A,8/11/1980
joanne Smith,Female,85,Irving Street,Pennsylvania,United States,Category A,8/12/1980
Jenny McLeod,Female,86,Irvington Place,Rhode Island,United States,Category A,8/13/1980
Gabrielle McLeod,Female,87,Irwin Street,South Carolina,United States,Category A,8/14/1980
Rebecca David W Pugh,Female,88,Ivan Court,South Dakota,United States,Category A,8/15/1980
Elinor Ltd 856-13271,Female,89,Jackson Street,Tennessee,United States,Category A,8/16/1980
MONIQUE of Bermuda,Female,90,Jackson Court,Texas,United States,Category A,8/17/1980
Kean Roberts ,Male,91,Jackson Place,Utah,United States,Category A,8/18/1980
Chiara Amos ,Female,92,Jaffray Street,Vermont,United States,Category A,8/19/1980
Aisha  3094,Female,2,Jamaica Avenue,Virginia,United States,Category A,8/20/1980
ZITA Ltd ,Female,3,Jamison Lane,Washington,United States,Category A,8/21/1980
Ashleigh Place ,Female,4,Jardine Place,West Virginia,United States,Category A,8/22/1980
Shawnee Keyes ,Male,5,Java Street,Wisconsin,United States,Category A,8/23/1980
Katrina Sposato,Female,6,Jay Street,Wyoming,United States,Category A,8/24/1980
Angelique Dixon ,Female,7,Jefferson Street,Florida,United States,Category A,8/25/1980
Michelle Foster ,Female,8,Jefferson Avenue,Alabama,United States,Category A,8/26/1980
Alexander Bell ,Male,9,Jerome Street,Alaska,United States,Category A,8/27/1980
Deborah Wicks ,Female,10,Jerome Avenue,Arizona,United States,Category A,8/28/1980
Sandra Scott ,Female,11,Jewel Street,Arkansas,United States,Category A,8/29/1980
Indra Harris ,Female,12,Jodie Court,California,United States,Category A,8/30/1980
Lisa Mcclendon ,Female,13,John Street,Colorado,United States,Category A,8/31/1980
David Brewin,Male,8,Johnson Avenue,Connecticut,United States,Category A,9/1/1980
Samantha Brewin,Female,9,Johnson Street,Delaware,United States,Category A,9/2/1980
Karima Lewis ,Female,10,Joralemon Street,Florida,United States,Category A,9/3/1980
yola Davis ,Female,11,Joval Court,Nebraska,United States,Category A,9/4/1980
Brett Church of God ,Male,12,Judge Street,Nevada,United States,Category A,9/5/1980
Lornelle 218161,Female,13,Juliana Place,New Hampshire,United States,Category A,9/6/1980
Jackie 50090,Female,14,Junius Street,New Jersey,United States,Category A,9/7/1980
Wanda 1312028,Female,15,Just Court,New Mexico,United States,Category A,9/8/1980
Michael 1313288,Male,55,Kane Place,New York,United States,Category A,9/9/1980
Sharon Angela 753660,Female,4,Kane Street,North Carolina,United States,Category A,9/10/1980
Anne 1148929,Female,5,Kansas Place,North Dakota,United States,Category A,9/11/1980
Tanya  721246,Female,6,Karweg Place,Ohio,United States,Category A,9/12/1980
Malcolm Davis ,Male,7,Kathleen Court,Oklahoma,United States,Category A,9/13/1980
Francesca 13270,Female,8,Kaufman Place,Oregon,United States,Category A,9/14/1980
Jacquelynn Ltd ,Female,9,Kay Court,Pennsylvania,United States,Category A,9/15/1980
Lindsay Cary ,Female,10,Keap Street,Rhode Island,United States,Category A,9/16/1980
Pheona Smith ,Female,11,Keen Court,South Carolina,United States,Category A,9/17/1980
Jason Leseur ,Male,12,Kenilworth Place,South Dakota,United States,Category A,9/18/1980
Laura 1309060,Female,13,Kenmore Court,Tennessee,United States,Category A,9/19/1980
Quincey Company ,Male,14,Kenmore Terrace,Texas,United States,Category A,9/20/1980
"Treavina Trew, Jr ",Female,15,Kensington Street,Utah,United States,Category A,9/21/1980
Dalton Burchall ,Male,80,Kensington Walk,Vermont,United States,Category A,9/22/1980
Andrew Roberts ,Male,81,Kent Avenue,Virginia,United States,Category A,9/23/1980
Helen Burns ,Female,82,Kent Street,Washington,United States,Category A,9/24/1980
Mark 13305,Male,83,Kermit Place,West Virginia,United States,Category A,9/25/1980
Alex Bermuda Press (Holdings) Ltd,Male,84,Kiely Place,Wisconsin,United States,Category A,9/26/1980
Joanna Cardwell ,Female,85,Kimball Street,Wyoming,United States,Category A,9/27/1980
Wendy Doherty ,Female,86,King Street,Florida,United States,Category A,9/28/1980
John LSPD,Male,87,Kings Hwy,Alabama,United States,Category A,9/29/1980
Colina Mello ,Female,88,Kings Place,Alaska,United States,Category A,9/30/1980
Mary Lee Weller ,Female,89,Kingsborough 1st Walk,Arizona,United States,Category A,10/1/1980
Vernee Foster ,Female,90,Kingsborough 2nd Walk,Arkansas,United States,Category A,10/2/1980
Emily Foster ,Female,91,Kingsborough 3rd Walk,California,United States,Category A,10/3/1980
Daneika Simmons ,Female,92,Kingsborough 4th Walk,Colorado,United States,Category A,10/4/1980
kayla Pitcher ,Female,2,Kingsborough 6th Walk,Connecticut,United States,Category A,10/5/1980
Lucas Gilchrist ,Male,3,Kingsborough 7th Walk,Delaware,United States,Category A,10/6/1980
Katherine Martin ,Female,4,Kingsland Avenue,Florida,United States,Category A,10/7/1980
Michael 3114,Male,5,Kingston Avenue,Alabama,United States,Category A,10/8/1980
Gregory Williams - Joint Tenancy,Male,6,Kingsway Place,Alaska,United States,Category A,10/9/1980
Michael Northrup ,Male,7,Knapp Street,Arizona,United States,Category A,10/10/1980
